ID,Data
1,Some random data for record 1
2,Some random data for record 2
3,Some random data for record 3
4,Some random data for record 4
5,Some random data for record 5
6,Some random data for record 6
7,Some random data for record 7
8,Some random data for record 8
9,Some random data for record 9
10,Some random data for record 10
11,Some random data for record 11
12,Some random data for record 12
13,Some random data for record 13
14,Some random data for record 14
15,Some random data for record 15
16,Some random data for record 16
17,Some random data for record 17
18,Some random data for record 18
19,Some random data for record 19
20,Some random data for record 20
21,Some random data for record 21
22,Some random data for record 22
23,Some random data for record 23
24,Some random data for record 24
25,Some random data for record 25
26,Some random data for record 26
27,Some random data for record 27
28,Some random data for record 28
29,Some random data for record 29
30,Some random data for record 30
31,Some random data for record 31
32,Some random data for record 32
33,Some random data for record 33
34,Some random data for record 34
35,Some random data for record 35
36,Some random data for record 36
37,Some random data for record 37
38,Some random data for record 38
39,Some random data for record 39
40,Some random data for record 40
41,Some random data for record 41
42,Some random data for record 42
43,Some random data for record 43
44,Some random data for record 44
45,Some random data for record 45
46,Some random data for record 46
47,Some random data for record 47
48,Some random data for record 48
49,Some random data for record 49
50,Some random data for record 50
51,Some random data for record 51
52,Some random data for record 52
53,Some random data for record 53
54,Some random data for record 54
55,Some random data for record 55
56,Some random data for record 56
57,Some random data for record 57
58,Some random data for record 58
59,Some random data for record 59
60,Some random data for record 60
61,Some random data for record 61
62,Some random data for record 62
63,Some random data for record 63
64,Some random data for record 64
65,Some random data for record 65
66,Some random data for record 66
67,Some random data for record 67
68,Some random data for record 68
69,Some random data for record 69
70,Some random data for record 70
71,Some random data for record 71
72,Some random data for record 72
73,Some random data for record 73
74,Some random data for record 74
75,Some random data for record 75
76,Some random data for record 76
77,Some random data for record 77
78,Some random data for record 78
79,Some random data for record 79
80,Some random data for record 80
81,Some random data for record 81
82,Some random data for record 82
83,Some random data for record 83
84,Some random data for record 84
85,Some random data for record 85
86,Some random data for record 86
87,Some random data for record 87
88,Some random data for record 88
89,Some random data for record 89
90,Some random data for record 90
91,Some random data for record 91
92,Some random data for record 92
93,Some random data for record 93
94,Some random data for record 94
95,Some random data for record 95
96,Some random data for record 96
97,Some random data for record 97
98,Some random data for record 98
99,Some random data for record 99
100,Some random data for record 100
101,Some random data for record 101
102,Some random data for record 102
103,Some random data for record 103
104,Some random data for record 104
105,Some random data for record 105
106,Some random data for record 106
107,Some random data for record 107
108,Some random data for record 108
109,Some random data for record 109
110,Some random data for record 110
111,Some random data for record 111
112,Some random data for record 112
113,Some random data for record 113
114,Some random data for record 114
115,Some random data for record 115
116,Some random data for record 116
117,Some random data for record 117
118,Some random data for record 118
119,Some random data for record 119
120,Some random data for record 120
121,Some random data for record 121
122,Some random data for record 122
123,Some random data for record 123
124,Some random data for record 124
125,Some random data for record 125
126,Some random data for record 126
127,Some random data for record 127
128,Some random data for record 128
129,Some random data for record 129
130,Some random data for record 130
131,Some random data for record 131
132,Some random data for record 132
133,Some random data for record 133
134,Some random data for record 134
135,Some random data for record 135
136,Some random data for record 136
137,Some random data for record 137
138,Some random data for record 138
139,Some random data for record 139
140,Some random data for record 140
141,Some random data for record 141
142,Some random data for record 142
143,Some random data for record 143
144,Some random data for record 144
145,Some random data for record 145
146,Some random data for record 146
147,Some random data for record 147
148,Some random data for record 148
149,Some random data for record 149
150,Some random data for record 150
151,Some random data for record 151
152,Some random data for record 152
153,Some random data for record 153
154,Some random data for record 154
155,Some random data for record 155
156,Some random data for record 156
157,Some random data for record 157
158,Some random data for record 158
159,Some random data for record 159
160,Some random data for record 160
161,Some random data for record 161
162,Some random data for record 162
163,Some random data for record 163
164,Some random data for record 164
165,Some random data for record 165
166,Some random data for record 166
167,Some random data for record 167
168,Some random data for record 168
169,Some random data for record 169
170,Some random data for record 170
171,Some random data for record 171
172,Some random data for record 172
173,Some random data for record 173
174,Some random data for record 174
175,Some random data for record 175
176,Some random data for record 176
177,Some random data for record 177
178,Some random data for record 178
179,Some random data for record 179
180,Some random data for record 180
181,Some random data for record 181
182,Some random data for record 182
183,Some random data for record 183
184,Some random data for record 184
185,Some random data for record 185
186,Some random data for record 186
187,Some random data for record 187
188,Some random data for record 188
189,Some random data for record 189
190,Some random data for record 190
191,Some random data for record 191
192,Some random data for record 192
193,Some random data for record 193
194,Some random data for record 194
195,Some random data for record 195
196,Some random data for record 196
197,Some random data for record 197
198,Some random data for record 198
199,Some random data for record 199
200,Some random data for record 200
201,Some random data for record 201
202,Some random data for record 202
203,Some random data for record 203
204,Some random data for record 204
205,Some random data for record 205
206,Some random data for record 206
207,Some random data for record 207
208,Some random data for record 208
209,Some random data for record 209
210,Some random data for record 210
211,Some random data for record 211
212,Some random data for record 212
213,Some random data for record 213
214,Some random data for record 214
215,Some random data for record 215
216,Some random data for record 216
217,Some random data for record 217
218,Some random data for record 218
219,Some random data for record 219
220,Some random data for record 220
221,Some random data for record 221
222,Some random data for record 222
223,Some random data for record 223
224,Some random data for record 224
225,Some random data for record 225
226,Some random data for record 226
227,Some random data for record 227
228,Some random data for record 228
229,Some random data for record 229
230,Some random data for record 230
231,Some random data for record 231
232,Some random data for record 232
233,Some random data for record 233
234,Some random data for record 234
235,Some random data for record 235
236,Some random data for record 236
237,Some random data for record 237
238,Some random data for record 238
239,Some random data for record 239
240,Some random data for record 240
241,Some random data for record 241
242,Some random data for record 242
243,Some random data for record 243
244,Some random data for record 244
245,Some random data for record 245
246,Some random data for record 246
247,Some random data for record 247
248,Some random data for record 248
249,Some random data for record 249
250,Some random data for record 250
251,Some random data for record 251
252,Some random data for record 252
253,Some random data for record 253
254,Some random data for record 254
255,Some random data for record 255
256,Some random data for record 256
257,Some random data for record 257
258,Some random data for record 258
259,Some random data for record 259
260,Some random data for record 260
261,Some random data for record 261
262,Some random data for record 262
263,Some random data for record 263
264,Some random data for record 264
265,Some random data for record 265
266,Some random data for record 266
267,Some random data for record 267
268,Some random data for record 268
269,Some random data for record 269
270,Some random data for record 270
271,Some random data for record 271
272,Some random data for record 272
273,Some random data for record 273
274,Some random data for record 274
275,Some random data for record 275
276,Some random data for record 276
277,Some random data for record 277
278,Some random data for record 278
279,Some random data for record 279
280,Some random data for record 280
281,Some random data for record 281
282,Some random data for record 282
283,Some random data for record 283
284,Some random data for record 284
285,Some random data for record 285
286,Some random data for record 286
287,Some random data for record 287
288,Some random data for record 288
289,Some random data for record 289
290,Some random data for record 290
291,Some random data for record 291
292,Some random data for record 292
293,Some random data for record 293
294,Some random data for record 294
295,Some random data for record 295
296,Some random data for record 296
297,Some random data for record 297
298,Some random data for record 298
299,Some random data for record 299
300,Some random data for record 300
301,Some random data for record 301
302,Some random data for record 302
303,Some random data for record 303
304,Some random data for record 304
305,Some random data for record 305
306,Some random data for record 306
307,Some random data for record 307
308,Some random data for record 308
309,Some random data for record 309
310,Some random data for record 310
311,Some random data for record 311
312,Some random data for record 312
313,Some random data for record 313
314,Some random data for record 314
315,Some random data for record 315
316,Some random data for record 316
317,Some random data for record 317
318,Some random data for record 318
319,Some random data for record 319
320,Some random data for record 320
321,Some random data for record 321
322,Some random data for record 322
323,Some random data for record 323
324,Some random data for record 324
325,Some random data for record 325
326,Some random data for record 326
327,Some random data for record 327
328,Some random data for record 328
329,Some random data for record 329
330,Some random data for record 330
331,Some random data for record 331
332,Some random data for record 332
333,Some random data for record 333
334,Some random data for record 334
335,Some random data for record 335
336,Some random data for record 336
337,Some random data for record 337
338,Some random data for record 338
339,Some random data for record 339
340,Some random data for record 340
341,Some random data for record 341
342,Some random data for record 342
343,Some random data for record 343
344,Some random data for record 344
345,Some random data for record 345
346,Some random data for record 346
347,Some random data for record 347
348,Some random data for record 348
349,Some random data for record 349
350,Some random data for record 350
351,Some random data for record 351
352,Some random data for record 352
353,Some random data for record 353
354,Some random data for record 354
355,Some random data for record 355
356,Some random data for record 356
357,Some random data for record 357
358,Some random data for record 358
359,Some random data for record 359
360,Some random data for record 360
361,Some random data for record 361
362,Some random data for record 362
363,Some random data for record 363
364,Some random data for record 364
365,Some random data for record 365
366,Some random data for record 366
367,Some random data for record 367
368,Some random data for record 368
369,Some random data for record 369
370,Some random data for record 370
371,Some random data for record 371
372,Some random data for record 372
373,Some random data for record 373
374,Some random data for record 374
375,Some random data for record 375
376,Some random data for record 376
377,Some random data for record 377
378,Some random data for record 378
379,Some random data for record 379
380,Some random data for record 380
381,Some random data for record 381
382,Some random data for record 382
383,Some random data for record 383
384,Some random data for record 384
385,Some random data for record 385
386,Some random data for record 386
387,Some random data for record 387
388,Some random data for record 388
389,Some random data for record 389
390,Some random data for record 390
391,Some random data for record 391
392,Some random data for record 392
393,Some random data for record 393
394,Some random data for record 394
395,Some random data for record 395
396,Some random data for record 396
397,Some random data for record 397
398,Some random data for record 398
399,Some random data for record 399
400,Some random data for record 400
401,Some random data for record 401
402,Some random data for record 402
403,Some random data for record 403
404,Some random data for record 404
405,Some random data for record 405
406,Some random data for record 406
407,Some random data for record 407
408,Some random data for record 408
409,Some random data for record 409
410,Some random data for record 410
411,Some random data for record 411
412,Some random data for record 412
413,Some random data for record 413
414,Some random data for record 414
415,Some random data for record 415
416,Some random data for record 416
417,Some random data for record 417
418,Some random data for record 418
419,Some random data for record 419
420,Some random data for record 420
421,Some random data for record 421
422,Some random data for record 422
423,Some random data for record 423
424,Some random data for record 424
425,Some random data for record 425
426,Some random data for record 426
427,Some random data for record 427
428,Some random data for record 428
429,Some random data for record 429
430,Some random data for record 430
431,Some random data for record 431
432,Some random data for record 432
433,Some random data for record 433
434,Some random data for record 434
435,Some random data for record 435
436,Some random data for record 436
437,Some random data for record 437
438,Some random data for record 438
439,Some random data for record 439
440,Some random data for record 440
441,Some random data for record 441
442,Some random data for record 442
443,Some random data for record 443
444,Some random data for record 444
445,Some random data for record 445
446,Some random data for record 446
447,Some random data for record 447
448,Some random data for record 448
449,Some random data for record 449
450,Some random data for record 450
451,Some random data for record 451
452,Some random data for record 452
453,Some random data for record 453
454,Some random data for record 454
455,Some random data for record 455
456,Some random data for record 456
457,Some random data for record 457
458,Some random data for record 458
459,Some random data for record 459
460,Some random data for record 460
461,Some random data for record 461
462,Some random data for record 462
463,Some random data for record 463
464,Some random data for record 464
465,Some random data for record 465
466,Some random data for record 466
467,Some random data for record 467
468,Some random data for record 468
469,Some random data for record 469
470,Some random data for record 470
471,Some random data for record 471
472,Some random data for record 472
473,Some random data for record 473
474,Some random data for record 474
475,Some random data for record 475
476,Some random data for record 476
477,Some random data for record 477
478,Some random data for record 478
479,Some random data for record 479
480,Some random data for record 480
481,Some random data for record 481
482,Some random data for record 482
483,Some random data for record 483
484,Some random data for record 484
485,Some random data for record 485
486,Some random data for record 486
487,Some random data for record 487
488,Some random data for record 488
489,Some random data for record 489
490,Some random data for record 490
491,Some random data for record 491
492,Some random data for record 492
493,Some random data for record 493
494,Some random data for record 494
495,Some random data for record 495
496,Some random data for record 496
497,Some random data for record 497
498,Some random data for record 498
499,Some random data for record 499
500,Some random data for record 500
501,Some random data for record 501
502,Some random data for record 502
503,Some random data for record 503
504,Some random data for record 504
505,Some random data for record 505
506,Some random data for record 506
507,Some random data for record 507
508,Some random data for record 508
509,Some random data for record 509
510,Some random data for record 510
511,Some random data for record 511
512,Some random data for record 512
513,Some random data for record 513
514,Some random data for record 514
515,Some random data for record 515
516,Some random data for record 516
517,Some random data for record 517
518,Some random data for record 518
519,Some random data for record 519
520,Some random data for record 520
521,Some random data for record 521
522,Some random data for record 522
523,Some random data for record 523
524,Some random data for record 524
525,Some random data for record 525
526,Some random data for record 526
527,Some random data for record 527
528,Some random data for record 528
529,Some random data for record 529
530,Some random data for record 530
531,Some random data for record 531
532,Some random data for record 532
533,Some random data for record 533
534,Some random data for record 534
535,Some random data for record 535
536,Some random data for record 536
537,Some random data for record 537
538,Some random data for record 538
539,Some random data for record 539
540,Some random data for record 540
541,Some random data for record 541
542,Some random data for record 542
543,Some random data for record 543
544,Some random data for record 544
545,Some random data for record 545
546,Some random data for record 546
547,Some random data for record 547
548,Some random data for record 548
549,Some random data for record 549
550,Some random data for record 550
